serialnumber,PNL_ID
AA0001,1
AA0002,2
AA0003,3
AA0004,4
AA0005,5
AA0006,6
AA0007,7
AA0008,8
AA0009,9
AA0010,10
AA0011,11
AA0012,12
AA0013,13
AA0014,14
AA0015,15
AA0016,16
AA0017,17
AA0018,18
AA0019,19
AA0020,20
AA0021,21
AA0022,22
AA0023,23
AA0024,24
AA0025,25
AA0026,26
AA0027,27
AA0028,28
AA0029,29
AA0030,30
AA0031,31
AA0032,32
AA0033,33
AA0034,34
AA0035,35
AA0036,36
AA0037,37
AA0038,38
AA0039,39
AA0040,40
AA0041,41
AA0042,42
AA0043,43
AA0044,44
AA0045,45
AA0046,46
AA0047,47
AA0048,48
AA0049,49
AA0050,50
AA0051,51
AA0052,52
AA0053,53
AA0054,54
AA0055,55
AA0056,56
AA0057,57
AA0058,58
AA0059,59
AA0060,60
AA0061,61
AA0062,62
AA0063,63
AA0064,64
AA0065,65
AA0066,66
AA0067,67
AA0068,68
AA0069,69
AA0070,70
AA0071,71
AA0072,72
AA0073,73
AA0074,74
AA0075,75
AA0076,76
AA0077,77
AA0078,78
AA0079,79
AA0080,80
AA0081,81
AA0082,82
AA0083,83
AA0084,84
AA0085,85
AA0086,86
AA0087,87
AA0088,88
AA0089,89
AA0090,90
AA0091,91
AA0092,92
AA0093,93
AA0094,94
AA0095,95
AA0096,96
AA0097,97
AA0098,98
AA0099,99
AA0100,100
AA0101,101
AA0102,102
AA0103,103
AA0104,104
AA0105,105
AA0106,106
AA0107,107
AA0108,108
AA0109,109
AA0110,110
AA0111,111
AA0112,112
AA0113,113
AA0114,114
AA0115,115
AA0116,116
AA0117,117
AA0118,118
AA0119,119
AA0120,120
AA0121,121
AA0122,122
AA0123,123
AA0124,124
AA0125,125
AA0126,126
AA0127,127
AA0128,128
AA0129,129
AA0130,130
AA0131,131
AA0132,132
AA0133,133
AA0134,134
AA0135,135
AA0136,136
AA0137,137
AA0138,138
AA0139,139
AA0140,140
AA0141,141
AA0142,142
AA0143,143
AA0144,144
AA0145,145
AA0146,146
AA0147,147
AA0148,148
AA0149,149
AA0150,150
AA0151,151
AA0152,152
AA0153,153
AA0154,154
AA0155,155
AA0156,156
AA0157,157
AA0158,158
AA0159,159
AA0160,160
AA0161,161
AA0162,162
AA0163,163
AA0164,164
AA0165,165
AA0166,166
AA0167,167
AA0168,168
AA0169,169
AA0170,170
AA0171,171
AA0172,172
AA0173,173
AA0174,174
AA0175,175
AA0176,176
AA0177,177
AA0178,178
AA0179,179
AA0180,180
AA0181,181
AA0182,182
AA0183,183
AA0184,184
AA0185,185
AA0186,186
AA0187,187
AA0188,188
AA0189,189
AA0190,190
AA0191,191
AA0192,192
AA0193,193
AA0194,194
AA0195,195
AA0196,196
AA0197,197
AA0198,198
AA0199,199
AA0200,200
AA0201,201
AA0202,202
AA0203,203
AA0204,204
AA0205,205
AA0206,206
AA0207,207
AA0208,208
AA0209,209
AA0210,210
AA0211,211
AA0212,212
AA0213,213
AA0214,214
AA0215,215
AA0216,216
AA0217,217
AA0218,218
AA0219,219
AA0220,220
AA0221,221
AA0222,222
AA0223,223
AA0224,224
AA0225,225
AA0226,226
AA0227,227
AA0228,228
AA0229,229
AA0230,230
AA0231,231
AA0232,232
AA0233,233
AA0234,234
AA0235,235
AA0236,236
AA0237,237
AA0238,238
AA0239,239
AA0240,240
AA0241,241
AA0242,242
AA0243,243
AA0244,244
AA0245,245
AA0246,246
AA0247,247
AA0248,248
AA0249,249
AA0250,250
AA0251,251
AA0252,252
AA0253,253
AA0254,254
AA0255,255
AA0256,256
AA0257,257
AA0258,258
AA0259,259
AA0260,260
AA0261,261
AA0262,262
AA0263,263
AA0264,264
AA0265,265
AA0266,266
AA0267,267
AA0268,268
AA0269,269
AA0270,270
AA0271,271
AA0272,272
AA0273,273
AA0274,274
AA0275,275
AA0276,276
AA0277,277
AA0278,278
AA0279,279
AA0280,280
AA0281,281
AA0282,282
AA0283,283
AA0284,284
AA0285,285
AA0286,286
AA0287,287
AA0288,288
AA0289,289
AA0290,290
AA0291,291
AA0292,292
AA0293,293
AA0294,294
AA0295,295
AA0296,296
AA0297,297
AA0298,298
AA0299,299
AA0300,300
AA0301,301
AA0302,302
AA0303,303
AA0304,304
AA0305,305
AA0306,306
AA0307,307
AA0308,308
AA0309,309
AA0310,310
AA0311,311
AA0312,312
AA0313,313
AA0314,314
AA0315,315
AA0316,316
AA0317,317
AA0318,318
AA0319,319
AA0320,320
AA0321,321
AA0322,322
AA0323,323
AA0324,324
AA0325,325
AA0326,326
AA0327,327
AA0328,328
AA0329,329
AA0330,330
AA0331,331
AA0332,332
AA0333,333
AA0334,334
AA0335,335
AA0336,336
AA0337,337
AA0338,338
AA0339,339
AA0340,340
AA0341,341
AA0342,342
AA0343,343
AA0344,344
AA0345,345
AA0346,346
AA0347,347
AA0348,348
AA0349,349
AA0350,350
AA0351,351
AA0352,352
AA0353,353
AA0354,354
AA0355,355
AA0356,356
AA0357,357
AA0358,358
AA0359,359
AA0360,360
AA0361,361
AA0362,362
AA0363,363
AA0364,364
AA0365,365
AA0366,366
AA0367,367
AA0368,368
AA0369,369
AA0370,370
AA0371,371
AA0372,372
AA0373,373
AA0374,374
AA0375,375
AA0376,376
AA0377,377
AA0378,378
AA0379,379
AA0380,380
AA0381,381
AA0382,382
AA0383,383
AA0384,384
AA0385,385
AA0386,386
AA0387,387
AA0388,388
AA0389,389
AA0390,390
AA0391,391
AA0392,392
AA0393,393
AA0394,394
AA0395,395
AA0396,396
AA0397,397
AA0398,398
AA0399,399
AA0400,400
AA0401,401
AA0402,402
AA0403,403
AA0404,404
AA0405,405
AA0406,406
AA0407,407
AA0408,408
AA0409,409
AA0410,410
AA0411,411
AA0412,412
AA0413,413
AA0414,414
AA0415,415
AA0416,416
AA0417,417
AA0418,418
AA0419,419
AA0420,420
AA0421,421
AA0422,422
AA0423,423
AA0424,424
AA0425,425
AA0426,426
AA0427,427
AA0428,428
AA0429,429
AA0430,430
AA0431,431
AA0432,432
AA0433,433
AA0434,434
AA0435,435
AA0436,436
AA0437,437
AA0438,438
AA0439,439
AA0440,440
AA0441,441
AA0442,442
AA0443,443
AA0444,444
AA0445,445
AA0446,446
AA0447,447
AA0448,448
AA0449,449
AA0450,450
AA0451,451
AA0452,452
AA0453,453
AA0454,454
AA0455,455
AA0456,456
AA0457,457
AA0458,458
AA0459,459
AA0460,460
AA0461,461
AA0462,462
AA0463,463
AA0464,464
AA0465,465
AA0466,466
AA0467,467
AA0468,468
AA0469,469
AA0470,470
AA0471,471
AA0472,472
AA0473,473
AA0474,474
AA0475,475
AA0476,476
AA0477,477
AA0478,478
AA0479,479
AA0480,480
AA0481,481
AA0482,482
AA0483,483
AA0484,484
AA0485,485
AA0486,486
AA0487,487
AA0488,488
AA0489,489
AA0490,490
AA0491,491
AA0492,492
AA0493,493
AA0494,494
AA0495,495
AA0496,496
AA0497,497
AA0498,498
AA0499,499
AA0500,500
AA0501,501
AA0502,502
AA0503,503
AA0504,504
AA0505,505
AA0506,506
AA0507,507
AA0508,508
AA0509,509
AA0510,510
AA0511,511
AA0512,512
AA0513,513
AA0514,514
AA0515,515
AA0516,516
AA0517,517
AA0518,518
AA0519,519
AA0520,520
AA0521,521
AA0522,522
AA0523,523
AA0524,524
AA0525,525
AA0526,526
AA0527,527
AA0528,528
AA0529,529
AA0530,530
AA0531,531
AA0532,532
AA0533,533
AA0534,534
AA0535,535
AA0536,536
AA0537,537
AA0538,538
AA0539,539
AA0540,540
AA0541,541
AA0542,542
AA0543,543
AA0544,544
AA0545,545
AA0546,546
AA0547,547
AA0548,548
AA0549,549
AA0550,550
AA0551,551
AA0552,552
AA0553,553
AA0554,554
AA0555,555
AA0556,556
AA0557,557
AA0558,558
AA0559,559
AA0560,560
AA0561,561
AA0562,562
AA0563,563
AA0564,564
AA0565,565
AA0566,566
AA0567,567
AA0568,568
AA0569,569
AA0570,570
AA0571,571
AA0572,572
AA0573,573
AA0574,574
AA0575,575
AA0576,576
AA0577,577
AA0578,578
AA0579,579
AA0580,580
AA0581,581
AA0582,582
AA0583,583
AA0584,584
AA0585,585
AA0586,586
AA0587,587
AA0588,588
AA0589,589
AA0590,590
AA0591,591
AA0592,592
AA0593,593
AA0594,594
AA0595,595
AA0596,596
AA0597,597
AA0598,598
AA0599,599
AA0600,600
AA0601,601
AA0602,602
AA0603,603
AA0604,604
AA0605,605
AA0606,606
AA0607,607
AA0608,608
AA0609,609
AA0610,610
AA0611,611
AA0612,612
AA0613,613
AA0614,614
AA0615,615
AA0616,616
AA0617,617
AA0618,618
AA0619,619
AA0620,620
AA0621,621
AA0622,622
AA0623,623
AA0624,624
AA0625,625
AA0626,626
AA0627,627
AA0628,628
AA0629,629
AA0630,630
AA0631,631
AA0632,632
AA0633,633
AA0634,634
AA0635,635
AA0636,636
AA0637,637
AA0638,638
AA0639,639
AA0640,640
AA0641,641
AA0642,642
AA0643,643
AA0644,644
AA0645,645
AA0646,646
AA0647,647
AA0648,648
AA0649,649
AA0650,650
AA0651,651
AA0652,652
AA0653,653
AA0654,654
AA0655,655
AA0656,656
AA0657,657
AA0658,658
AA0659,659
AA0660,660
AA0661,661
AA0662,662
AA0663,663
AA0664,664
AA0665,665
AA0666,666
AA0667,667
AA0668,668
AA0669,669
AA0670,670
AA0671,671
AA0672,672
AA0673,673
AA0674,674
AA0675,675
AA0676,676
AA0677,677
AA0678,678
AA0679,679
AA0680,680
AA0681,681
AA0682,682
AA0683,683
AA0684,684
AA0685,685
AA0686,686
AA0687,687
AA0688,688
AA0689,689
AA0690,690
AA0691,691
AA0692,692
AA0693,693
AA0694,694
AA0695,695
AA0696,696
AA0697,697
AA0698,698
AA0699,699
AA0700,700
AA0701,701
AA0702,702
AA0703,703
AA0704,704
AA0705,705
AA0706,706
AA0707,707
AA0708,708
AA0709,709
AA0710,710
AA0711,711
AA0712,712
AA0713,713
AA0714,714
AA0715,715
AA0716,716
AA0717,717
AA0718,718
AA0719,719
AA0720,720
AA0721,721
AA0722,722
AA0723,723
AA0724,724
AA0725,725
AA0726,726
AA0727,727
AA0728,728
AA0729,729
AA0730,730
AA0731,731
AA0732,732
AA0733,733
AA0734,734
AA0735,735
AA0736,736
AA0737,737
AA0738,738
AA0739,739
AA0740,740
AA0741,741
AA0742,742
AA0743,743
AA0744,744
AA0745,745
AA0746,746
AA0747,747
AA0748,748
AA0749,749
AA0750,750
AA0751,751
AA0752,752
AA0753,753
AA0754,754
AA0755,755
AA0756,756
AA0757,757
AA0758,758
AA0759,759
AA0760,760
AA0761,761
AA0762,762
AA0763,763
AA0764,764
AA0765,765
AA0766,766
AA0767,767
AA0768,768
AA0769,769
AA0770,770
AA0771,771
AA0772,772
AA0773,773
AA0774,774
AA0775,775
AA0776,776
AA0777,777
AA0778,778
AA0779,779
AA0780,780
AA0781,781
AA0782,782
AA0783,783
AA0784,784
AA0785,785
AA0786,786
AA0787,787
AA0788,788
AA0789,789
AA0790,790
AA0791,791
AA0792,792
AA0793,793
AA0794,794
AA0795,795
AA0796,796
AA0797,797
AA0798,798
AA0799,799
AA0800,800
AA0801,801
AA0802,802
AA0803,803
AA0804,804
AA0805,805
AA0806,806
AA0807,807
AA0808,808
AA0809,809
AA0810,810
AA0811,811
AA0812,812
AA0813,813
AA0814,814
AA0815,815
AA0816,816
AA0817,817
AA0818,818
AA0819,819
AA0820,820
AA0821,821
AA0822,822
AA0823,823
AA0824,824
AA0825,825
AA0826,826
AA0827,827
AA0828,828
AA0829,829
AA0830,830
AA0831,831
AA0832,832
AA0833,833
AA0834,834
AA0835,835
AA0836,836
AA0837,837
AA0838,838
AA0839,839
AA0840,840
AA0841,841
AA0842,842
AA0843,843
AA0844,844
AA0845,845
AA0846,846
AA0847,847
AA0848,848
AA0849,849
AA0850,850
AA0851,851
AA0852,852
AA0853,853
AA0854,854
AA0855,855
AA0856,856
AA0857,857
AA0858,858
AA0859,859
AA0860,860
AA0861,861
AA0862,862
AA0863,863
AA0864,864
AA0865,865
AA0866,866
AA0867,867
AA0868,868
AA0869,869
AA0870,870
AA0871,871
AA0872,872
AA0873,873
AA0874,874
AA0875,875
AA0876,876
AA0877,877
AA0878,878
AA0879,879
AA0880,880
AA0881,881
AA0882,882
AA0883,883
AA0884,884
AA0885,885
AA0886,886
AA0887,887
AA0888,888
AA0889,889
AA0890,890
AA0891,891
AA0892,892
AA0893,893
AA0894,894
AA0895,895
AA0896,896
AA0897,897
AA0898,898
AA0899,899
AA0900,900
AA0901,901
AA0902,902
AA0903,903
AA0904,904
AA0905,905
AA0906,906
AA0907,907
AA0908,908
AA0909,909
AA0910,910
AA0911,911
AA0912,912
AA0913,913
AA0914,914
AA0915,915
AA0916,916
AA0917,917
AA0918,918
AA0919,919
AA0920,920
AA0921,921
AA0922,922
AA0923,923
AA0924,924
AA0925,925
AA0926,926
AA0927,927
AA0928,928
AA0929,929
AA0930,930
AA0931,931
AA0932,932
AA0933,933
AA0934,934
AA0935,935
AA0936,936
AA0937,937
AA0938,938
AA0939,939
AA0940,940
AA0941,941
AA0942,942
AA0943,943
AA0944,944
AA0945,945
AA0946,946
AA0947,947
AA0948,948
AA0949,949
AA0950,950
AA0951,951
AA0952,952
AA0953,953
AA0954,954
AA0955,955
AA0956,956
AA0957,957
AA0958,958
AA0959,959
AA0960,960
AA0961,961
AA0962,962
AA0963,963
AA0964,964
AA0965,965
AA0966,966
AA0967,967
AA0968,968
AA0969,969
AA0970,970
AA0971,971
AA0972,972
AA0973,973
AA0974,974
AA0975,975
AA0976,976
AA0977,977
AA0978,978
AA0979,979
AA0980,980
AA0981,981
AA0982,982
AA0983,983
AA0984,984
AA0985,985
AA0986,986
AA0987,987
AA0988,988
AA0989,989
AA0990,990
AA0991,991
AA0992,992
AA0993,993
AA0994,994
AA0995,995
AA0996,996
AA0997,997
AA0998,998
